appstore-10687,欢乐逛
appstore-21937,赤兔名品客服绩效管理专业版
appstore-22429,开店必备贝贝旺_余量宝
appstore-8681,旺店宝
appstore-9092,超级店长
APP_SERVICE_TOP_SEJ,生e经
FW_GOODS-1000102230,多准数据
FW_GOODS-1825589,杭州精效财务咨询有限公司
FW_GOODS-1827490,爱用交易
FW_GOODS-1828810,爱用商品
FW_GOODS-1834824,超级快车_体验版最新上线
FW_GOODS-1838864,旺店通
FW_GOODS-1841165,自动标题优化_一键标题优化_三易
FW_GOODS-1841777,车道_第三代_开车优化神器
FW_GOODS-1847032,沸腾搜道
FW_GOODS-1848181,喜洋洋
FW_GOODS-1848741,流量推广_流量推广
FW_GOODS-1862998,管家婆云ERP
FW_GOODS-1870413,网店管家
FW_GOODS-1884032,名扬天下标题优化_精准标题优化
FW_GOODS-1886180,千里马
FW_GOODS-1886206,省油宝插件版
FW_GOODS-1886214,无线车手
FW_GOODS-1897024,安心代驾
FW_GOODS-1916233,超级优化
FW_GOODS-1919190,超级无线
FW_GOODS-1921400,无线精灵
FW_GOODS-1947940,滴滴快车
FW_GOODS-1974073,卖家刊DSP
service-0-22903,冰点营销_促销引流必备_聚石塔
service-0-22954,快递助手_批量打印发货
SERV_SQ_SYCM,生意参谋
ts-10371,淘店长自动橱窗_自动橱窗推荐
ts-10610,旺销宝
ts-10971,评价好助手_中差评修改神器
ts-11496,美折
ts-11631,数云
ts-12067,宝贝团
ts-131481,订单统计-每日利润销量
ts-13280,火牛_限时打折_满就送_1年仅99元
ts-13420,百宝箱
ts-13901,名不虚传
ts-14921,提流量_升排名_发布手机详情页
ts-1796606,省油宝
ts-1796621,限时打折-卓凡
ts-1801030,掌中管店_出行必备
ts-1809331,管易
ts-1810074,极品飞车
ts-1820059,淘掌柜
ts-20633,网店推广_好推广
ts-24135,优店_新春流量利器_标题优化
ts-24495,客道
ts-25538,NewBI_自定义报表
ts-25811,开车精灵
ts-28184,掌柜帮_生成手机详情_领1000短信
ts-29097,超级车手
ts-29578,酷宝站外分析
ts-30464,多卖crm
ts-30946,E店宝
ts-9261,促销专家-智淘网络有限公司
ts-9784,网聚宝
